<?xml version="1.0" encoding="UTF-8"?>
<!DOCTYPE  mapper PUBLIC "-//mybatis.org//DTD Mapper 3.0//EN" 
"http://mybatis.org/dtd/mybatis-3-mapper.dtd">

<mapper namespace="kr.co.hhh.mapper.AdminMapper">
	<insert id="adminInsert" parameterType="adminDto">
		INSERT INTO admin (a_id, a_pw, a_name, a_phone,a_approval)
		VALUES (#{adminDto.a_id},#{adminDto.a_pw},#{adminDto.a_name},#{adminDto.a_phone},
		#{adminDto.a_approval})
	</insert>
	
	<select id="loginConfirm" parameterType="adminDto" resultType="adminDto">
		SELECT a_id, a_pw, a_name, a_phone, a_approval FROM admin
		WHERE  a_id = #{adminDto.a_id} AND
		a_approval > 0
	</select>
	
	<select id="adminList" parameterType="adminDto" resultType="adminDto">
		SELECT * FROM admin
	</select>
	<update id="findOne" parameterType="String">
		UPDATE admin SET a_approval = 1 WHERE a_id = #{id}
	</update>
	
	<update id="update" parameterType="adminDto">
		UPDATE admin SET a_phone = #{adminDto.a_phone}, a_name = #{adminDto.a_name} WHERE a_id = #{adminDto.a_id}
	</update>
	
	<!-- adminMapper.xml -->

<!-- parameterType은 넘어오는 매개변수의 유형을 지정합니다. -->
<!-- AdminMapper.xml -->

<select id="search" resultType="AdminDto" parameterType="String">
    SELECT * FROM admin
    WHERE 
    <choose>
        <when test="category == 'Account'">
            a_id LIKE CONCAT('%', #{keyword}, '%')
        </when>
        <when test="category == 'Name'">
            a_name LIKE CONCAT('%', #{keyword}, '%')
        </when>
        <when test="category == 'Phone'">
            a_phone LIKE CONCAT('%', #{keyword}, '%')
        </when>
    </choose>
</select>


</mapper>